rank,uid,name,score,activityTid
1,100167859,金发女人I型,525,83315
2,100034764,茉莉奶柏,525,83315
3,100068321,柠檬红鼠,525,83315
4,100759759,杨枝甘钰,515,83315
5,100716237,Uxia,515,83315
6,100074390,leah1,515,83315
7,100537613,筝筝纸鸢,510,83315
8,100082465,<#3af>传说之下,510,83315
9,100848374,Iceza,510,83315
10,100830349,Flares,505,83315
11,101051873,<#6ae>梅贝尔,500,83315
12,100018361,瑪爾,500,83315
13,100616389,鱼泥啵啵,500,83315
14,100284474,<#DCCS>安抚物,500,83315
15,100103475,<#7EC>洛水,500,83315
16,100389537,火,500,83315
17,100559441,dlshan,500,83315
18,101143204,Angbak,500,83315
19,100424295,<#f8a>A9zz,500,83315
20,100335425,<#fdd>诸法空相,500,83315
21,101184755,Anicillia,500,83315
22,100411119,奥安安,495,83315
23,100037260,Nikke戰神Iv,495,83315
24,100440131,岛屿的奇幻漂流,485,83315
25,100810864,OnE,485,83315
26,100779621,雅,485,83315
27,100723055,0312,485,83315
28,100331782,<#E8C>舅舅,485,83315
29,100553277,볼빵빵판다곰,480,83315
30,100279093,‎,480,83315
31,100725682,봉이,480,83315
32,101214107,大王X,480,83315
33,100471040,馬鮫魚,480,83315
34,101330727,<#8d9>苍姝姀,475,83315
35,100471605,久岛鸥,475,83315
36,100673301,<#8d9>护林,475,83315
37,100216202,<#F08>子夜微雪,475,83315
38,100729018,<#F9F>归还人海,475,83315
39,100798835,塞西莉亚,475,83315
40,100649339,是澜阿口牙！,475,83315
41,100033105,弗恩,475,83315
42,101229933,枯萎化身塔姆辛,470,83315
43,101538149,<#0FF>小小娃娃,470,83315
44,101261027,<#A9F>GothGf,470,83315
45,100021999,<#fe0>瀧Taki,470,83315
46,100718021,<#0cf>缪缪,470,83315
47,100201387,<#FF00FF>John,470,83315
48,100472749,临,470,83315
49,100329726,花岚,470,83315
50,100289938,苍崎橙子,470,83315
51,101851555,Kizuno,470,83315
52,100537255,涅托,470,83315
53,101257882,Camil,465,83315
54,101023200,Jarozin,465,83315
55,100648273,天霸动霸tua,465,83315
56,100842776,我要玩深海啊啊,465,83315
57,100597264,星见,465,83315
58,100372533,西維斯特,465,83315
59,100865016,<#3c6>静默猎手,465,83315
60,100523902,离歌,465,83315
61,101050645,邮宝得鉴,465,83315
62,101006341,<#f90>Kurisu,460,83315
63,100630930,柒瑾年,460,83315
64,100349838,这是朵花,460,83315
65,100610131,Camelot,460,83315
66,100551332,Maykia,460,83315
67,100794539,白酒兰华,460,83315
68,100981868,<#ffc8dd>myls,460,83315
69,101361657,Bobice,460,83315
70,101703341,NoeL,460,83315
71,100373130,卿城,460,83315
72,101328293,parmreggiano,460,83315
73,100162235,晚上吃鱼,460,83315
74,100545481,胡桃,460,83315
75,101009906,爱睡觉的觉皇,460,83315
76,100127271,天林,460,83315
77,100857457,Enjel,460,83315
78,100104278,Potatis土豆,460,83315
79,101379271,Yurann,460,83315
80,100337677,<#F80>妃妮克丝,460,83315
81,100597447,Coisini,460,83315
82,100402591,<#c3f>涅姆拉,460,83315
83,100265190,NF,460,83315
84,101783767,<#fce>上好佳,460,83315
85,100234071,哦没事,460,83315
86,100021927,普里亚普斯,455,83315
87,101074259,<#BFF>moonie,455,83315
88,101499787,<#F00>龍肆,455,83315
89,100607245,夢遊,455,83315
90,100204132,门,455,83315
91,101375891,outsider,455,83315
92,100672636,莱西,455,83315
93,100424712,<#f8a>摩卡小空,455,83315
94,100786647,萝卜大王,455,83315
95,101738221,sty,455,83315
96,100013997,Valentine,455,83315
97,101708459,坠岚,455,83315
98,101354376,앤농,455,83315
99,101278486,<#3c6>Coliner,455,83315
100,100872328,淸淸梓燃,455,83315
101,100610824,Newmon,455,83315
102,100774354,爱丽丝道格拉斯,455,83315
103,100569561,弥海鲨,455,83315
104,100544075,<#94f>에프넬,455,83315
105,100764725,<#0cf>游世妄想,455,83315
106,100558123,<#811>LasyWIK,455,83315
107,100928422,风语,455,83315
108,101641354,Kata’l,455,83315
109,101182528,Helleios,455,83315
110,101215288,yxlepamplemous,455,83315
111,101134955,Stuffe,455,83315
112,101182120,yog,455,83315
113,100573930,HOLLYPEI,455,83315
114,100754027,Kkkk丶,455,83315
115,100071588,幽璃,455,83315
116,100124414,君惜生,455,83315
117,100791382,Uxie,455,83315
118,100554748,<#F8E>薇娅,455,83315
119,101274072,<#0ac>念生,455,83315
120,100503547,亞當喵,455,83315
121,100883246,Kinbote,455,83315
122,101074574,Sylvester,455,83315
123,100804183,Rosmontis,455,83315
124,100454371,无声铃鹿第一快,455,83315
125,101010217,莉奥诺拉,455,83315
126,101293414,晴天雲,450,83315
127,100545082,容嬷嬷,450,83315
128,100012472,明昭晞,450,83315
129,101404812,<#FCC>晴海千花,450,83315
130,101033866,헌원빈,450,83315
131,100329257,夏茉琳,450,83315
132,100423854,Loe,450,83315
133,100695550,<#ECF>艾瑞卡？,450,83315
134,100682661,Geekz,450,83315
135,101105740,<#0FF>Aytheus,450,83315
136,100560436,<#fc3>秋弥,450,83315
137,101883085,<#0a0>青龙,450,83315
138,100189898,常守朱,450,83315
139,100976218,惑星,450,83315
140,100804972,<#R34>Aurora,450,83315
141,101322933,冬小麦长眠不醒,450,83315
142,100589592,心境,450,83315
143,101345676,<#FDD>不知尘世,450,83315
144,101071166,言之命至,450,83315
145,101107950,Guava,450,83315
146,101925094,棺人痴,450,83315
147,101066017,AbsK,450,83315
148,100775934,封不觉,450,83315
149,101373736,莉奥诺拉,450,83315
150,100850936,Hymn,450,83315
151,100316509,Mino,450,83315
152,100436868,叠嶂扶影,450,83315
153,101126483,赞美太阳,450,83315
154,100664445,华年接代肝版,450,83315
155,100536393,<#FF88C2>Kyan,450,83315
156,101598402,夜陨星河,450,83315
157,100083956,すごい!つよい!,450,83315
158,100484200,izayoi,450,83315
159,100594332,维尔汀,450,83315
160,100113922,西維斯特,450,83315
161,100475061,合理神恐怖了,450,83315
162,100723034,修伊,450,83315
163,100195230,簌簌,450,83315
164,100414382,早春雪,450,83315
165,100478139,<#DA3>天命斬白,450,83315
166,100225305,Shunia,450,83315
167,100376977,電気猫布,450,83315
168,100603505,商鞅知马力,450,83315
169,100631783,으리온,450,83315
170,100452378,墨漪清,450,83315
171,100729730,Ignes,450,83315
172,101115082,Despair,450,83315
173,100814463,冬雪,450,83315
174,100797680,nutanonymous,450,83315
175,100584615,小熊软糖,450,83315
176,100435218,莉奥诺拉123321,450,83315
177,100997496,Mumei,450,83315
178,100217105,莉格蕾朵,450,83315
179,100223381,<#3af>尖尖,450,83315
180,100962319,PolkaRain,450,83315
181,101070615,残念,450,83315
182,100803289,<#f8a>two刀乐,450,83315
183,100201972,一条躺尸的咸鱼,450,83315
184,100573738,KHeath,450,83315
185,100632957,盲枭,450,83315
186,100470205,超级欧欧欧,450,83315
187,100578009,<#f8a>浮士德,450,83315
188,100207851,海蔷薇,450,83315
189,100211592,江枢衍,450,83315
190,100833631,儿波莉尔,450,83315
191,100599055,Reimu,450,83315
192,100473501,<#f8a>甜菜,450,83315
193,100314241,哈根校猫该达斯,450,83315
194,100521585,沈柏霜,450,83315
195,100694233,墨烨,450,83315
196,101005213,Flame,450,83315
197,101161275,Senjougahara,450,83315
198,100819294,光合,450,83315
199,100250555,表里如一,450,83315
200,100107819,QiKu,450,83315
201,100550652,灰花,450,83315
202,100547932,銀瀧,450,83315
203,100738712,<#3af>图鲁,450,83315
204,100300379,<#3af>bian,450,83315
205,100551107,苍响,450,83315
206,100627440,Hune,450,83315
207,101067733,<#0F0>苜蓿,450,83315
208,100331634,我獨自非洲,450,83315
209,100273836,汐萍,450,83315
210,100633410,Mumei1号分身,450,83315
211,100855907,Vivy,450,83315
212,100355714,<#0FF>百洛晓,450,83315
213,100794335,37,450,83315
214,101183885,灵雨既零,450,83315
215,101302214,<#0F0>Koishi,450,83315
216,100226754,重岳,450,83315
217,101166781,缘空,450,83315
218,100553976,麻糬喵羅,450,83315
219,101058279,티나에,450,83315
220,101094561,<#65F>Spooky,450,83315
221,100075491,tgtg,450,83315
222,100862671,菲比,450,83315
223,101096882,я'аргул,450,83315
224,100549335,灰泽螨Hazel,450,83315
225,100852602,狂笑,450,83315
226,101062885,Yun,450,83315
227,101072749,Ted,450,83315
228,100559164,飞鸟也栖,450,83315
229,100694156,Kasa,450,83315
230,100821516,Buntou,450,83315
231,100611903,<#f8aq>千雪,450,83315
232,100829965,TheAL,450,83315
233,100560242,赛琳娜,450,83315
234,100863127,青玄,450,83315
235,100670867,鏡中愛麗絲,450,83315
236,101962787,莉奥诺拉,450,83315
237,101205245,早起咕咕头,450,83315
238,100068223,Aria,450,83315
239,100132555,倥偬,450,83315
240,100828937,jimmy525521,450,83315
241,100461136,Ten,450,83315
242,101692624,伊芙·布蕾娅,450,83315
243,100020854,雾汐Mistide,450,83315
244,100335615,莱克的鹰竟吃兔,450,83315
245,100459425,啥也不会,450,83315
246,100544263,早川秋泽日,450,83315
247,100887959,西维斯特,450,83315
248,100753294,Isaac,450,83315
249,100674090,ISTANNE,450,83315
250,101218433,玛卡巴卡,450,83315
251,101551178,Humphrey,450,83315
252,100193406,coffin,450,83315
253,101218049,MythagDog,450,83315
254,101049193,终末的莉莉丝,450,83315
255,101108974,琅琅,450,83315
256,100750661,瓦伦 尼古拉斯,450,83315
257,100001171,落尘书生,450,83315
258,100544543,图鲁我们能赢吗,450,83315
259,101274352,Prophecy,450,83315
260,100716831,懒人,450,83315
261,100682656,利奥诺拉,450,83315
262,101883846,Sunless,450,83315
263,100033478,400的MAN,450,83315
264,100508136,酸辣柠檬苦汁,450,83315
265,100483859,枣儿,450,83315
266,100647774,<#f90>露露汤,450,83315
267,100829186,Noir,450,83315
268,100812859,奶丝兔米球,450,83315
269,101360149,莉诺·梅亚,450,83315
270,100978983,Lacie,450,83315
271,101000674,C维斯特,450,83315
272,100533200,雪莲：问了吗,450,83315
273,100451005,伊蘭德,450,83315
274,100616275,银锁,450,83315
275,100192876,metaGM,450,83315
276,100566513,<#0ff>心如止水,450,83315
277,100127186,檀香梅,450,83315
278,100184916,龢利不是河狸喵,450,83315
279,101200000,feko,450,83315
280,100206902,海豹球,450,83315
281,100133422,指针,450,83315
282,101082451,Ester,450,83315
283,100548060,羽仙璃音,450,83315
284,100547388,小涛,450,83315
285,101106569,<#CEF>Lens,450,83315
286,100461938,EarlySai,450,83315
287,100429960,<#83F>逹芙黛爾,450,83315
288,101394278,困告,450,83315
289,101079783,月华往来,450,83315
290,100722449,幻滅,450,83315
291,100357783,明透,450,83315
292,100293675,芜山新绿,450,83315
293,101033828,小煤球二世,450,83315
294,100519441,焦糖鹅肝,450,83315
295,100739319,<#dfa>家有萌鸟,450,83315
296,100548618,레오,450,83315
297,100554668,banxim,450,83315
298,100468753,<#789>Loveshot,450,83315
299,101261829,刀锋之誓,450,83315
300,100478280,浮昂子房,450,83315
301,101062934,无名星,450,83315
302,100821882,凛,450,83315
303,100514840,yoyi,450,83315
304,101207468,ブリボン,450,83315
305,101232236,David,450,83315
306,100602509,雪乃qwq,450,83315
307,100203296,哈鲁,450,83315
308,100673109,<#B82>Ryker,450,83315
309,101946777,叶藏,450,83315
310,100566008,土豆,450,83315
311,100833647,CIKI,450,83315
312,101049896,幻四夫,450,83315
313,100113314,忘夜行PVP互刷,450,83315
314,100662059,<#179>露西艾拉,450,83315
315,100088782,维C斯特,450,83315
316,100602966,LuminaryIX,450,83315
317,101724049,BeaNig,450,83315
318,100542565,Condomwarrior,450,83315
319,101653998,Sloomy,450,83315
320,100618404,Loading,450,83315
321,101165253,Chie,450,83315
322,100668137,AegisX,450,83315
323,101096195,Asator,450,83315
324,100336921,莉奧諾拉,450,83315
325,101077565,Nalatha,450,83315
326,100930016,<#FAEFC0>Kaly,445,83315
327,100731830,Argnos,445,83315
328,100798924,无用之人,445,83315
329,100815557,<#2FF> Silence,445,83315
330,101245338,17,445,83315
331,101160125,<#F00>Augustus,445,83315
332,100875703,景清,445,83315
333,101370394,<#66a>_祀胧_,445,83315
334,100553054,麻糬倫姆,445,83315
335,100662989,Shining,445,83315
336,101921672,nethy,445,83315
337,100537246,鹿霓,445,83315
338,100551894,제미,445,83315
339,101093141,防己,445,83315
340,100074350,哈魯,445,83315
341,101197541,Ellezard,445,83315
342,100849226,？,445,83315
343,101271799,<#f8a>Makise,440,83315
344,100821339,克洛瓦,440,83315
345,100826593,Eko,440,83315
346,101819965,慕旸,440,83315
347,100558548,安歌,440,83315
348,101171625,Orius,440,83315
349,101329555,Bocchi,440,83315
350,101530686,CaTaTa,440,83315
351,100737076,<#e3f9fd>lutya,440,83315
352,101824400,<#ffb214>BAPHO,440,83315
353,100711743,川川矿渣,440,83315
354,100009788,Ninety,440,83315
355,101851701,진아원,440,83315
356,101772783,Nazoric,440,83315
357,101080068,洛哈尔特,440,83315
358,100040605,丹瑟,440,83315
359,101073144,Tonelico,440,83315
360,101213847,Sir Cummington,440,83315
361,100391812,查莉兹,435,83315
362,101586790,레오노라,435,83315
363,101823463,白雲映水,435,83315
364,101151487,第三芳馨,435,83315
365,101985584,Rui,435,83315
366,101114425,Faith,435,83315
367,101737224,<#f8a>安娜贝尔,435,83315
368,101733619,西維斯特,435,83315
369,100082139,Wildfir,435,83315
370,101246919,1one1y,435,83315
371,100633401,<#f66>니야,435,83315
372,100915375,鏽雨,435,83315
373,101207473,Apath',435,83315
374,100504303,西維斯特,435,83315
375,101080391,Axilled,435,83315
376,100590993,Rion,435,83315
377,100038490,amber,430,83315
378,100924875,<#FFCB56>Noah,430,83315
379,100824108,翎玖,430,83315
380,101994727,德普,430,83315
381,100450896,Censini,430,83315
382,100993094,月夜的孤寂,430,83315
383,101115673,Lyrhe,430,83315
384,101101924,Corvim,430,83315
385,101689367,Abel,430,83315
386,100139977,<#0cf>泠塵,430,83315
387,101564033,幻渊,430,83315
388,101885882,Mellow,430,83315
389,101903702,Aeriff,430,83315
390,101643849,Damien Ashe,430,83315
391,101064406,Crowlov,430,83315
392,101332053,Name,430,83315
393,101222379,1123,430,83315
394,101193347,Suletta,430,83315
395,100953675,Jairo,430,83315
396,101830463,<#fcf>星見緋音,430,83315
397,101886244,suzu鈴,430,83315
398,101523108,Dai,430,83315
399,100051369,失智光环,430,83315
400,101014790,tiloto,430,83315
401,100108617,Fumizuk1,430,83315
402,101528548,樱下华胥,430,83315
403,100975493,Garlic,430,83315
404,100625829,原之蓝白,430,83315
405,100564862,皇夏斡耐少茸矫,430,83315
406,100957706,Belphegor,430,83315
407,100072991,"anh PVP 互刷

",425,83315
408,100678189,冰鸩汐鸹丫,425,83315
409,101126227,别夏花,425,83315
410,100277099,きこえ,425,83315
411,101380568,21LUXsan,425,83315
412,100098674,姒癸,425,83315
413,100558455,遇见盛夏童话,425,83315
414,100591741,y1ngMy,425,83315
415,100828620,ShlzUku,425,83315
416,100453042,山渐青,425,83315
417,100660672,黎枫时,425,83315
418,101111502,叶落无声丶,425,83315
419,100518973,奥伯龙,425,83315
420,100671900,沙利葉,425,83315
421,100588275,hanabi,425,83315
422,101356847,冬银official,425,83315
423,100416238,原神,425,83315
424,100011437,<#07F>Famila,425,83315
425,100722967,haluto,425,83315
426,101721107,珀玛,425,83315
427,100980554,Sirius,425,83315
428,101399239,<#F9F>清风,425,83315
429,101107470,Lostboy,425,83315
430,101260866,刹暗天,425,83315
431,101189890,Reizei,425,83315
432,100978157,调律者,425,83315
433,101025338,Maurice,425,83315
434,101882374,莉奥诺拉,425,83315
435,100728236,<#9E9>HakUwU,425,83315
436,101782305,Liny,425,83315
437,101437414,Lucas,425,83315
438,100878253,月,425,83315
439,101018292,克萝蒂雅,425,83315
440,100559536,暮雨晨风,425,83315
441,101006348,dawra,425,83315
442,100723181,新生代卷王,425,83315
443,100048467,<#C2E>藤丸立香,425,83315
444,100322049,莉奧諾拉,425,83315
445,100743992,奥萝拉,425,83315
446,100375435,致人间的爱不移,425,83315
447,100692347,<#6ae>Enraps,425,83315
448,100991451,从心,425,83315
449,101362971,山茶枝,425,83315
450,101882082,赫克托尔,425,83315
451,100452902,扬钰,425,83315
452,101393465,惢锁清秋,425,83315
453,101768747,Cancer,425,83315
454,101260222,lve,425,83315
455,101976195,飘,425,83315
456,100919437,啊哦嗯呐呗,425,83315
457,100723487,<#k2x>AncientB,425,83315
458,101264956,Ren,425,83315
459,101301777,Yorun-leusan,425,83315
460,100619476,<#bb44dd>不劫,425,83315
461,101005611,Bjenek,425,83315
462,100287631,九十九星降,425,83315
463,100222099,PC,425,83315
464,100808215,KKK,425,83315
465,101179423,Cuincle,425,83315
466,101884276,<#f8a>Maelle,425,83315
467,101555848,bchedans,425,83315
468,101115213,Vellien,425,83315
469,100819114,シルベスタ,425,83315
470,100400267,陌晓,425,83315
471,100548841,万舒雅,425,83315
472,101153504,冰封洛天依,425,83315
473,100263892,灵感菇噜噜,425,83315
474,101251460,Shotacat,425,83315
475,100014591,羅沙穆,425,83315
476,100836346,Enodia,425,83315
477,100825191,游飞雨,425,83315
478,101034228,Sylvester,425,83315
479,101003546,一无所有,425,83315
480,100628367,<#3c8>一盏青灯,425,83315
481,101889856,Lyrith,425,83315
482,100828675,Leonora,425,83315
483,101023974,西維斯特,425,83315
484,101149546,是奇遇喵,425,83315
485,101369941,RIN,425,83315
486,100589232,欧阳雪,425,83315
487,101275125,Super Sigma,425,83315
488,100757518,弔澈,425,83315
489,100716420,<#e6b>九木染,425,83315
490,101212197,Lucy,425,83315
491,100682614,阿冻,425,83315
492,100003701,赫拉蒙,425,83315
493,100545802,賈科梅蒂,425,83315
494,101859219,보드람,420,83315
495,101836008,Glublorb,420,83315
496,101311664,stardust,420,83315
497,100552216,greedy,420,83315
498,101018835,Faus,420,83315
499,101875958,虫呆,420,83315
500,101885606,安,420,83315
501,101961082,Mira,420,83315
502,100548770,风雨欲来,420,83315
503,100973212,Ringleader,420,83315
504,100446275,白日夢の璃,420,83315
505,101527146,豆卸忘,420,83315
506,100866010,白菜王,420,83315
507,100552603,GoSoO,420,83315
508,100349269,奈安,420,83315
509,100071876,卡珊德拉,420,83315
510,100949673,Lorelei,420,83315
511,101194483,Njord,420,83315
512,101908754,莉奥诺拉,420,83315
513,100356485,听风,420,83315
514,100328583,摸鱼子,420,83315
515,101107543,Lessing,420,83315
516,101188797,修修怪侠士,420,83315
517,100202125,雀语流,420,83315
518,101360384,Roly,420,83315
519,101506868,Arrisa,420,83315
520,101244377,Katya,415,83315
521,100765734,烛汐,415,83315
522,100538138,愚者,415,83315
523,101106685,牧师,415,83315
524,100672217,彻罗斯,415,83315
525,100549824,枫,415,83315
526,100994030,Amy,415,83315
527,100010571,<#FCC>神秘七字,415,83315
528,101390014,莹天,415,83315
529,101001145,Limon,415,83315
530,100825295,伊莫库,415,83315
531,100426293,superString,415,83315
532,101105850,Sil,415,83315
533,100214570,<#05E>OctekG,415,83315
534,101850433,Leonora,415,83315
535,101181374,Furry Enjoyer,415,83315
536,101986086,Gale,415,83315
537,100550059,Tunity,415,83315
538,101906241,sosu,415,83315
539,100554219,江城千幻,415,83315
540,101640894,늅늅이,415,83315
541,100524860,羽殇琉铭,415,83315
542,100495538,莉奧諾拉,415,83315
543,100870912,Amelia,415,83315
544,100336007,阿巴巴,415,83315
545,101857086,Myrkvi,415,83315
546,101940828,우주생명체,415,83315
547,101197808,ansta,415,83315
548,100837484,Kirin,415,83315
549,101200663,Otsdarva,415,83315
550,101938134,Roderick Crave,415,83315
551,100827962,Айрис,415,83315
552,102220093,Salty,415,83315
553,101375306,Accel,415,83315
554,101367264,Nelson,415,83315
555,101815076,琳,415,83315
556,101959699,Noir小號,415,83315
557,100737572,SuiSei,415,83315
558,101509796,<#a5f>幸运骑士,415,83315
559,101321761,收马人,415,83315
560,101797814,酥雪漾春雨,415,83315
561,102102844,Aiko,415,83315
562,100836958,<#69C>寂叶,415,83315
563,100964498,云影长歌,415,83315
564,100505491,五块卵石,415,83315
565,101013884,Arcana,415,83315
566,101873342,Lzsy我,415,83315
567,100426640,伏特加旋风,415,83315
568,102002082,时,415,83315
569,100110160,<#ec6>Noa,415,83315
570,100626945,미노이,415,83315
571,100595444,雪月,415,83315
572,100406920,<#7DF>白柠豆,410,83315
573,100481380,阿软,410,83315
574,101043605,漆黑色魔,410,83315
575,100654976,OutcastBox,410,83315
576,101428220,烛火之烬,410,83315
577,101777851,X_X,410,83315
578,100793504,波卡,410,83315
579,100543767,松鼠桂鱼,410,83315
580,102096399,Teseo,410,83315
581,100748645,尽空,410,83315
582,102097195,케이사르,410,83315
583,101121481,<#DFF>梦失记,410,83315
584,101227487,지망,410,83315
585,100538710,上弦幼月,410,83315
586,101250955,Lilith,410,83315
587,101234345,凡尔纳,410,83315
588,101712978,Леонора,410,83315
589,101539526,MeanReversion,410,83315
590,100718088,西维斯特,410,83315
591,101195145,TotalSecretary,410,83315
592,100756146,clack,410,83315
593,101322856,柒柒,410,83315
594,101713884,<#0a0L>Lilith,410,83315
595,100639749,薇尔,410,83315
596,100764054,奇萕,410,83315
597,100551371,Lulisia,410,83315
598,100534644,莉奧諾拉,410,83315
599,101198623,維特,410,83315
600,102105640,<#EAE>沐沐喵,410,83315
601,101351304,Makkiyato07,410,83315
602,100537445,叶莲霜鸾儿,410,83315
603,101658516,사힐,410,83315
604,101685813,M3I,410,83315
605,102087994,Aly,410,83315
606,101258726,AcretheApple,410,83315
607,100980470,Hidden,410,83315
608,100916612,莉奥诺拉,410,83315
609,101002637,MediocreHealer,410,83315
610,102008634,<#dbf>琳,410,83315
611,101109257,Xylotrupes,410,83315
612,101738509,Lerok,410,83315
613,100940590,狂暴轰入三月七,410,83315
614,100881227,Feather,410,83315
615,101332249,南凛,410,83315
616,101168836,마네모네,410,83315
617,100638108,水柘,410,83315
618,100679530,幕辰,410,83315
619,100781620,枫旭,410,83315
620,100579428,haxer,410,83315
621,100910264,卡莉诺斯,410,83315
622,100630178,微光,410,83315
623,100631326,rie,410,83315
624,101905666,휘틀리,410,83315
625,100358797,清尘,410,83315
626,100574461,徐长长长嬴,410,83315
627,101567750,李亚,410,83315
628,101539414,QuangCu,410,83315
629,100558721,Karin,410,83315
630,101790319,Leonora,410,83315
631,100299565,阿图撒斯,405,83315
632,101927557,Algedi,405,83315
633,101941044,Leonora,405,83315
634,101160313,sigmaman,405,83315
635,100398967,花痕墨淡,405,83315
636,101259931,Utenmalupet,405,83315
637,101223657,Sylvia,405,83315
638,101160171,PsycheFu,405,83315
639,102094542,Kunagisa,405,83315
640,101708000,<#f8a>Saber,405,83315
641,100888953,冷沔泠,405,83315
642,101839558,<#f00>沙沙耶,405,83315
643,100587962,Yuuki,405,83315
644,101836247,莉奥诺拉,405,83315
645,102026396,Arno,405,83315
646,101187676,Leonora,405,83315
647,101874286,ヘルガー,405,83315
648,101883313,레오노라,405,83315
649,101204512,OlivMagno,405,83315
650,100471415,莉奧諾拉,405,83315
651,101853652,Epherose,405,83315
652,101213247,Rebus,405,83315
653,101527631,且听风吟,405,83315
654,100628557,戏游币沙,405,83315
655,101226670,Ed,405,83315
656,101330729,紫菜卷,405,83315
657,100133991,西維斯特,405,83315
658,101350003,何,405,83315
659,101846216,Ardy,405,83315
660,102007196,Donavin,405,83315
661,101779715,JinxOwO,405,83315
662,100590191,chaos君,405,83315
663,101176125,我快睡著,405,83315
664,101785856,Jerry,405,83315
665,101273693,Luunalii,405,83315
666,101077727,Zankou,405,83315
667,101709438,<i>Yahikko</i>,405,83315
668,100008622,西維斯特,405,83315
669,100074750,弹簧鱼,405,83315
670,100659556,宁因宇,405,83315
671,102017848,艾略特,405,83315
672,100644428,Morse,405,83315
673,100386085,昨夜微凉,405,83315
674,100036805,歐斐墨,405,83315
675,100573991,古明地恋的恋,405,83315
676,101300766,呓语,405,83315
677,101885926,Ryugami,405,83315
678,101854110,Hoog,405,83315
679,101586968,槐序甜柚,405,83315
680,102020116,Soultadu,405,83315
681,100679025,千年Millennia,405,83315
682,101352451,<#f8a>odneh,405,83315
683,101173690,Azra,405,83315
684,101023104,Cato,405,83315
685,101070973,1842,400,83315
686,101901552,<#f37>慕,400,83315
687,100691877,Crowley,400,83315
688,100367705,春山照雪,400,83315
689,101955384,-_Sky_-,400,83315
690,102003422,Alliy,400,83315
691,101074325,TweighT,400,83315
692,101842012,      ,400,83315
693,100652322,<#4CC>茜格,400,83315
694,101761766,Ponlee,400,83315
695,100626931,西維斯特,400,83315
696,101337498,握住一棵小草,400,83315
697,101654094,茶酱ovo,400,83315
698,101650300,LinY,400,83315
699,101015012,番薯味咖啡,400,83315
700,100948856,<#3af>机长sama,400,83315
701,100578437,<#b4d>雷电派蒙,400,83315
702,102117126,Enchantt,400,83315
703,100763139,莉奥诺拉,400,83315
704,101312218,诗之歌,400,83315
705,101019236,莉奧諾拉,400,83315
706,101744123,샤론의장미,400,83315
707,100390067,奥兹国的大魔女,400,83315
708,100581886,小小大英雄,400,83315
709,100427882,木白,400,83315
710,100135302,​<#bee>明晰梦,400,83315
711,100739422,玄武纪师,400,83315
712,101386115,Vaard,400,83315
713,101097709,Simon,400,83315
714,100560010,二寸笔人,400,83315
715,101105048,Elysia,400,83315
716,101113427,Sans,400,83315
717,100303739,阿尔契亚,400,83315
718,100402888,嘴咬嘴邊肉,400,83315
719,101663288,<#FDE>Xilli,400,83315
720,101180628,Altherian,400,83315
721,101513283,Arcanites,400,83315
722,101647000,白泽,400,83315
723,100669515,Yukikasa,400,83315
724,101621246,莉奥诺拉,400,83315
725,100738650,朔也,400,83315
726,100165572,李渭然,400,83315
727,101834870,Keeper-0617,400,83315
728,100738264,人类,400,83315
729,100705360,Yara,400,83315
730,100988090,雨落,400,83315
731,100473697,栉风,400,83315
732,101066114,Foleosy,400,83315
733,101062617,莉奥诺拉,400,83315
734,100549760,몽루,400,83315
735,100392828,静静的顿河,400,83315
736,101066805,DA???d,400,83315
737,100573845,沉默的悼亡者,400,83315
738,100548551,钻石没有星星耀,400,83315
739,101349120,Anti,400,83315
740,101637185,Beatrice,400,83315
741,100997827,Sylver,400,83315
742,101183287,Gilbs,400,83315
743,100617605,橘计,400,83315
744,100646109,<#0ac>ito,400,83315
745,100515607,莲玖,400,83315
746,101148683,Dawn,400,83315
747,101216687,Thunnus,400,83315
748,101767800,Shverleite,400,83315
749,101269917,Isaak,400,83315
750,101035772,蔡小葵葵子,400,83315
751,101373850,what can i do,400,83315
752,100003393,如歌,400,83315
753,101979353,Yukimoto,400,83315
754,101353196,Yustia,400,83315
755,101395009,一颗荔渍,400,83315
756,101703208,南凰吹北巷,400,83315
757,101954204,西维斯特•lb,400,83315
758,100420394,乌托比亚,400,83315
759,101925543,Chiika,400,83315
760,100988963,梅梅尔,400,83315
761,101777417,Noot,400,83315
762,101913240,<#87CEEB>Moon,400,83315
763,101124748,溯歆沂,400,83315
764,100760915,歌風淺吟,400,83315
765,100840507,邑浮,400,83315
766,100828691,九亿,400,83315
767,101020015,<#f90>弥尔顿,400,83315
768,100720469,外星喵喵,400,83315
769,100351965,莉奧諾拉,400,83315
770,100738451,西维斯特,400,83315
771,100686607,阿謙,400,83315
772,100028903,昭奕秋,400,83315
773,101311911,零阶,400,83315
774,100126906,UU,400,83315
775,101692008,天下第二神神子,400,83315
776,101307659,果盘最重要,400,83315
777,101312570,不吃糖的棉花猫,400,83315
778,100788747,西维斯特,400,83315
779,100405951,Volone,400,83315
780,100833405,做个150任务,400,83315
781,101930750,<#448FE3>woomy,400,83315
782,101231683,亿念,400,83315
783,100566070,折芳掩思,400,83315
784,100935547,Lynnn,400,83315
785,101094577,Charlotte,400,83315
786,102166154,Elryc,400,83315
787,100652797,Leonora,400,83315
788,100610278,临睡前半小时,400,83315
789,101200313,Dustin,400,83315
790,101009310,NyxApollyon,400,83315
791,101982207,Yuica,400,83315
792,101205235,Sonarc,400,83315
793,102044410,Bishop,400,83315
794,101853130,Leonora,400,83315
795,101138184,Nicktins,400,83315
796,101137127,Aliester,400,83315
797,100964134,包喵,400,83315
798,100466043,千泠,400,83315
799,100679055,专注失调,400,83315
800,101929933,Cassian,400,83315
801,101103640,Aura,400,83315
802,100542379,日落即誓,400,83315
803,101532354,oranu,400,83315
804,101748983,Leonora,400,83315
805,101300531,丘,400,83315
806,101177033,Vô Uu,400,83315
807,101181104,口口口,400,83315
808,100730064,双鸟囚羽,400,83315
809,100061707,雨后花,400,83315
810,101982274,西维斯特,400,83315
811,101017178,实心球,400,83315
812,100531242,界凌,400,83315
813,100007157,RAY,400,83315
814,100642812,莉奧諾拉,400,83315
815,100543224,余弦定理,400,83315
816,100980699,XEDS,400,83315
817,100797971,汐落,400,83315
818,100888759,西维斯特,400,83315
819,101183559,오레타,400,83315
820,101132545,玉汐,400,83315
821,100721890,Saya,400,83315
822,101224634,无舆,400,83315
823,101574939,本赛,400,83315
824,101320298,Toy,400,83315
825,100714870,elonar,400,83315
826,101728170,Lim Gae,400,83315
827,100683963,修改,400,83315
828,102195958,始冬,400,83315
829,101676591,Cheese,400,83315
830,100431270,諾亞,400,83315
831,101982081,Xbear,400,83315
832,101845713,陳,400,83315
833,100410837,葛蕾洛溚,400,83315
834,101073278,<#0CE>Rukia,400,83315
835,101690464,Adonis,395,83315
836,100401798,KUROI三月,395,83315
837,101874086,M∀LICE,395,83315
838,101919995,Johan,395,83315
839,101766529,비스무트,395,83315
840,100838651,Taeyeon,395,83315
841,100997334,Marcus,395,83315
842,102186137,Vertin,395,83315
843,100828635,岚岚,395,83315
844,100864863,NoahRisencano,395,83315
845,101701744,星月夜,395,83315
846,101898357,何某人,395,83315
847,101885335,塔罗兰ROSA,395,83315
848,100859478,abyss,395,83315
849,101140390,ArvFolia,395,83315
850,101339346,Demian,395,83315
851,100588540,夏玟,395,83315
852,100461398,温迪,395,83315
853,102002044,莉奥诺拉,395,83315
854,102033697,케이안,395,83315
855,101379969,ヨウメイ,395,83315
856,100594476,希利特,395,83315
857,101654576,Lana,395,83315
858,101931454,OldNick,395,83315
859,101187531,Nevernight,395,83315
860,101390698,Goenalie,395,83315
861,102094023,Sienna,395,83315
862,101930468,Silvea,395,83315
863,101239162,Leonora,395,83315
864,100979408,Sylvair,395,83315
865,101823343,德米安,395,83315
866,101120641,an,395,83315
867,100625068,ぽん（接代打）,395,83315
868,100609130,维兰提斯,395,83315
869,102214441,Cashew,395,83315
870,101915389,Joanne,395,83315
871,101184433,<#086>再起不能,395,83315
872,102294051,레오노라,395,83315
873,101898700,Dromedas,395,83315
874,100904235,jachary,395,83315
875,101354181,央求命運放過你,395,83315
876,100759381,赫妮雅,395,83315
877,100562928,区区花入,395,83315
878,101012654,Devi,395,83315
879,101572445,莉奥诺拉,395,83315
880,102024730,<#7f0> 형준,395,83315
881,100882765,千芷,395,83315
882,100011364,辰雨,395,83315
883,100724361,莉奥诺拉,395,83315
884,101746870,墓碑,390,83315
885,101890121,电解精,390,83315
886,101028340,Edelweiss,390,83315
887,100674410,琉璃昂,390,83315
888,102159350,Lilac,390,83315
889,101834075,Носсери,390,83315
890,101356671,<#fc3>非偌,390,83315
891,101365287,Dand,390,83315
892,101967894,lil,390,83315
893,101563920,노라,390,83315
894,100997297,暧昧,390,83315
895,100420008,雾凇子,390,83315
896,101136608,薄荷,390,83315
897,101901290,复燃丶恋之埋火,390,83315
898,100596204,西維斯特,390,83315
899,101086253,MineYoFace,390,83315
900,100400008,鸽不麟,390,83315
901,101145073,伯特利亚伯拉罕,390,83315
902,101294937,Игорь,390,83315
903,102098712,<#f00>JMB,390,83315
904,101680197,浮山奈,390,83315
905,100213042,Bravo,390,83315
906,101761850,月见,390,83315
907,101804949,整活入,390,83315
908,101261830,Bingus,390,83315
909,101427508,<#60C>Grape.,390,83315
910,102056487,夙鋈,390,83315
911,101326443,台风眼,390,83315
912,101788639,莉奥诺拉柯莱莎,390,83315
913,101685956,莉奥诺拉,390,83315
914,100689163,夜暮,390,83315
915,101573468,[N],390,83315
916,100082566,墨染,390,83315
917,101911201,Squarewave,390,83315
918,102081896,莉奧諾拉,390,83315
919,101189398,Лиса,390,83315
920,100276419,放下我的可乐,390,83315
921,101209629,crystal,390,83315
922,101147556,Pikmin,390,83315
923,101578718,雨和宁,390,83315
924,101264669,Sylvester,390,83315
925,101798869,翠揚EmOgi,390,83315
926,102086749,忘不了凯蒂古拉,390,83315
927,100641031,月叶诸,390,83315
928,101981573,Leonora,390,83315
929,102231306,莉奥诺拉,390,83315
930,101754422,사퍼,390,83315
931,101820966,薇薇妮,390,83315
932,101392125,<#0AF>LY掠影,390,83315
933,100624602,nessie,390,83315
934,101930844,我心化羽,390,83315
935,102020471,kai,390,83315
936,101119662,Dazielth,390,83315
937,101557325,Leonora,390,83315
938,101325322,daru,390,83315
939,101327895,Thana,385,83315
940,101834337,Shiro,385,83315
941,100009807,藍寶,385,83315
942,100405323,Yoroha_NULL ,385,83315
943,101208182,楓.,385,83315
944,100603881,欧拉拉,385,83315
945,100827327,莉奧諾拉,385,83315
946,102061020,莉奥诺拉,385,83315
947,100410482,尼古拉絻,385,83315
948,100403325,赤渊,385,83315
949,100598234,佚名,385,83315
950,100718412,莉奧諾拉,385,83315
951,101568450,Sylvester,385,83315
952,101237280,莉奥诺拉,385,83315
953,100896150,莉奥诺拉,385,83315
954,101952188,伽拉忒亚,385,83315
955,101158851,Fraud,385,83315
956,102056356,小小潇潇,385,83315
957,100870491,Nullado,385,83315
958,102199773,Wizardo,385,83315
959,101000663,肝不动了,385,83315
960,101405842,早泻男,385,83315
961,102186393,실베스터,385,83315
962,101910700,Laesha,385,83315
963,101233864,吉北熊,385,83315
964,101148845,狄法,385,83315
965,101243223,<#7195FD>北寂,385,83315
966,101185828,Cadenza,385,83315
967,101042057,Ivy,385,83315
968,100822666,Ortensie,385,83315
969,102189768,莉奥诺拉,385,83315
970,100919121,Ise,385,83315
971,101219057,快乐抹茶章鱼,385,83315
972,101388039,Aksara,385,83315
973,100254562,啊吧啊吧,385,83315
974,101252084,Kiseki9,385,83315
975,101350435,Sylvester,385,83315
976,101865480,ケイ,385,83315
977,101127314,Zerami,385,83315
978,100937922,fapis,385,83315
979,101947874,Ski Gloves,385,83315
980,100835320,P.,385,83315
981,101867405,Liichi,385,83315
982,101857932,Leonora,385,83315
983,101646655,MrKurtz,385,83315
984,101964620,Мари,385,83315
985,100553686,好想放假,385,83315
986,100995615,MooMi,385,83315
987,101555199,Sylvester,385,83315
988,101543817,Lori,385,83315
989,100890530,莉奧諾拉,385,83315
990,101808011,Puja,385,83315
991,100847726,palpal,385,83315
992,100351067,莉香,385,83315
993,101232780,污秽,385,83315
994,101132969,利璨森莎,385,83315
995,101236060,Sylvester,385,83315
996,101893519,Leonora,385,83315
997,101372760,Hal,385,83315
998,100267041,圉懿懿,385,83315
999,101085662,KsenaRia,385,83315
1000,101247763,Люджей,385,83315
1001,102004520,<#f8a>Charfia,385,83315
1002,101890560,Kyle,380,83315
1003,101677355,단테,380,83315
1004,101381959,<#f00>小玫瑰,380,83315
1005,101883088,Ursa,380,83315
1006,101281582,soli,380,83315
1007,101270712,Taku,380,83315
1008,102105453,SideStepped,380,83315
1009,100209256,午司鎏景,380,83315
1010,101909576,伊莱克斯,380,83315
1011,100683427,南宮霸,380,83315
1012,101854509,MateKiddleton,380,83315
1013,100856608,Kamiyo,380,83315
1014,101303809,将琅,380,83315
1015,101045698,Alex,380,83315
1016,101322941,西西弗斯,380,83315
1017,101706818,Sylvester,380,83315
1018,102081262,寒函含憾,380,83315
1019,101392314,LilSum,380,83315
1020,101706898, 鸿,380,83315
1021,101926279,가럼,380,83315
1022,101295751,Echo,380,83315
1023,100115791,阿柒,380,83315
1024,101288558,ElectricPower,380,83315
1025,101550013,Rey,380,83315
1026,100877665,折柳佳,380,83315
1027,100731602,西維斯特,380,83315
1028,101553695,Dehvi,380,83315
1029,101960596,ansara,380,83315
1030,101908281,Linear,380,83315
1031,101264502,Sylvester,380,83315
1032,100632155,控白,380,83315
1033,101206120,Cronowa,380,83315
1034,101384633,Lily,380,83315
1035,101052388,Levis,380,83315
1036,101456971,L0WETIDE,380,83315
1037,102239686,霁月,380,83315
1038,102223894,Fate,380,83315
1039,100532921,弥尔玛四,380,83315
1040,102010843,復活使徒Lucius,380,83315
1041,100564652,Rondonite,380,83315
1042,100897507,Utone,380,83315
1043,101219097,Yura,380,83315
1044,101928133,暮雨,380,83315
1045,101545304,EndWalker,380,83315
1046,101319582,莉奥诺拉,380,83315
1047,100547999,鸦羽织,380,83315
1048,100418430,赤道出逃,380,83315
1049,101331961,未来,380,83315
1050,100005209,莉奧諾拉,380,83315
1051,101774840,Angelo,380,83315
1052,102078024,Pepeonora,380,83315
1053,100728324,demonit,380,83315
1054,102120508,Ezra,380,83315
1055,101125098,以目叟,380,83315
1056,101044401,废猫,380,83315
1057,100965455,星空,380,83315
1058,101876973,莉奥诺拉,380,83315
1059,101527748,阡陌,380,83315
1060,101855130,Sylvester,380,83315
1061,101128675,传奇机长牢大,380,83315
1062,102018401,千叶,380,83315
1063,101014321,thewalljanitor,380,83315
1064,101176652,苦短,380,83315
1065,100850625,怖萨塔兰,380,83315
1066,100480397,田伯光开发廊,380,83315
1067,100859885,菲娜丝,380,83315
1068,100622728,棠谷芯掳张,380,83315
1069,101354688,诗酒对江南,380,83315
1070,100344452,心有鱼兮,380,83315
1071,101575077,牧,380,83315
1072,101757456,ppsbendy,380,83315
1073,101987951,小虎皮哩,380,83315
1074,100425707,吉川暮雪,380,83315
1075,100866459,Mortem,380,83315
1076,101362646,菲洛嘉,380,83315
1077,101881609,西维斯特,380,83315
1078,101859189,Some_1,380,83315
1079,101692124,安澄,380,83315
1080,100789881,Lucious,380,83315
1081,100023992,蚊香魚仔,380,83315
1082,101385941,Tadux,380,83315
1083,102102630,Dorban,380,83315
1084,100464582,尤加,380,83315
1085,101878907,gar,380,83315
1086,100755202,淤泥之花,375,83315
1087,101733548,Egokitze,375,83315
1088,101173188,아크,375,83315
1089,100826654,Eoybom,375,83315
1090,101951389,模仿鱼,375,83315
1091,101115178,Ava,375,83315
1092,101940283,OD,375,83315
1093,100854451,萍菓,375,83315
1094,101950757,allenfart,375,83315
1095,101395334,她念诵我名,375,83315
1096,101041175,Mashiro,375,83315
1097,100333695,亲吻过我的伤痕,375,83315
1098,101153074,gluti25,375,83315
1099,102205238,Nico Knees,375,83315
1100,102027600,黛诺,375,83315
1101,100931952,Black Aholick,375,83315
1102,101806084,终点,375,83315
1103,101523814,Solace,375,83315
1104,102231922,维尔洛特,375,83315
1105,102163842,Zoe,375,83315
1106,101069187,Leonora,375,83315
1107,101349300,Noelicht,375,83315
1108,100365796,爱莉希雅,375,83315
1109,100895279,Alpharius,375,83315
1110,102136437,Richard,375,83315
1111,101996788,Leonora,375,83315
1112,100300714,Brandy,375,83315
1113,100457080,莉奧諾拉,375,83315
1114,102064697,doggystyleMVP,375,83315
1115,101510306,薇拉丽塔,375,83315
1116,101952996,烩菜栢,375,83315
1117,101121988,Cazulo,375,83315
1118,101781903,Yog Sothoth,375,83315
1119,100627149,渡鸦,375,83315
1120,100954012,Vilewave,375,83315
1121,101965524,泖酒,375,83315
1122,101049434,Maryte,375,83315
1123,102126027,西维斯特,375,83315
1124,102046033,Momo,375,83315
1125,101537909,浔榆,375,83315
1126,101515287,Prophet Sunboy,375,83315
1127,101959214,繁念,375,83315
1128,101175497,Sylvester,375,83315
1129,101481617,米基米基哈吉米,375,83315
1130,101575401,Ameena,375,83315
1131,101839737,南徐,375,83315
1132,101839200,阿多尼斯,375,83315
1133,101219667,リオノーラ,375,83315
1134,101817802,Yukkie,375,83315
1135,101223441,Zzz,375,83315
1136,100350856,<#e9b>Mango,375,83315
1137,101810760,<#3c6>娜蒙拉,375,83315
1138,100329702,莉奧諾拉,375,83315
1139,102261772,Lemon,375,83315
1140,102188083,小猫蛋卷,375,83315
1141,101312116,코델리아,375,83315
1142,102072826,龙书祁,375,83315
1143,101786023,Nova Cosmos ,375,83315
1144,102234739,INS,375,83315
1145,101296155,西维斯特,375,83315
1146,101142570,HY,375,83315
1147,102272273,홍예진,375,83315
1148,101304929,西维斯特,375,83315
1149,101184414,莉奧諾拉,375,83315
1150,100815690,Star Palace,375,83315
1151,101839955,LEK LOVE BOT,375,83315
1152,100799129,赐福,375,83315
1153,102004936,Sparrow,375,83315
1154,102154065,mavErock,375,83315
1155,101658094,Jebu,375,83315
1156,101511044,Jane Doe,375,83315
1157,101803736,D3rlord3,375,83315
1158,101696900,Sajida,375,83315
1159,101808568,dortoirpuant,375,83315
1160,101267120,Chara ,375,83315
1161,101194326,Tan'nia,375,83315
1162,101139180,Solace,375,83315
1163,101019384,Velvet,375,83315
1164,101977632,big D,375,83315
1165,100971035,Tabby,375,83315
1166,101979989,aya,375,83315
1167,101761528,泪,375,83315
1168,100049418,moaji,375,83315
1169,101902820,Valcrist,375,83315
1170,100781750,<#0a0>蒲地蓝,375,83315
1171,102159017,何止,375,83315
1172,101877505,清澄,375,83315
1173,101043148,An Angel?,375,83315
1174,102004586,destiny,375,83315
1175,101388554,be,375,83315
1176,101980930,blank,375,83315
1177,100548469,塞西莉娅,375,83315
1178,100632914,콘치즈,375,83315
1179,100724046,榆次,375,83315
1180,101050683,vina,375,83315
1181,100982430,Sylvester,375,83315
1182,101972699,小无叙,375,83315
1183,102094551,ジゼ,375,83315
1184,101825529,Nana,375,83315
1185,101041868,Леонора,375,83315
1186,100996796,Belle,375,83315
1187,101621350,iRabbi,375,83315
1188,101775734,Jokeri,375,83315
1189,101115894,<#f00>SLAYER,375,83315
1190,101266176,苍蓝星,375,83315
1191,101967942,七月,375,83315
1192,101010794,橘远,375,83315
1193,101570388,Oriens,375,83315
1194,101354046,老孙最爱大蟠桃,375,83315
1195,101778466,Haru,375,83315
1196,101361236,faf33,375,83315
1197,101369946,альтер,375,83315
1198,102074088,miracle,375,83315
1199,101382987,Gooder,375,83315
1200,100923814,Izzu,375,83315
1201,101746029,Anki,375,83315
1202,100988206,zenzen,375,83315
1203,101708511,Leonora,375,83315
1204,101830912,安洁丽娜,375,83315
1205,101031439,Fayde,370,83315
1206,101569860,Manic,370,83315
1207,100628533,摆烂低手,370,83315
1208,101833998,хрустал,370,83315
1209,101177290,Wesker,370,83315
1210,100557849,冬梨,370,83315
1211,100553128,糖送元明清,370,83315
1212,101912205,<#af5>瑟维,370,83315
1213,101765480,Rajib,370,83315
1214,101545646,Orion,370,83315
1215,100549106,Boooluu,370,83315
1216,100669964,奥托菲尔,370,83315
1217,101192537,Kintark,370,83315
1218,100274714,苦楝花,370,83315
1219,101871321,维奥莱塔,370,83315
1220,101077533,Angelos,370,83315
1221,101722400,Zarina,370,83315
1222,100895105,<#8ac>도훈,370,83315
1223,101185513,落凤,370,83315
1224,101685453,莉奧諾拉,370,83315
1225,101861278,Nyarlathotep,370,83315
1226,102260945,主人,370,83315
1227,100545533,AbyssCode,370,83315
1228,101877657,Lorena,370,83315
1229,101164049,Ayan,370,83315
1230,100997868,Sylvain,370,83315
1231,101943605,Roland,370,83315
1232,101988191,<#fc3>Doctor,370,83315
1233,101173141,布河,370,83315
1234,101499596,甜棠棠棠,370,83315
1235,100975298,Oswald,370,83315
1236,101392569,莉奥诺拉,370,83315
1237,101341842,说,370,83315
1238,101777153,柴W柴,370,83315
1239,100301436,回鍋中,370,83315
1240,102002872,Zronacles,370,83315
1241,102000866,Alteraimor,370,83315
1242,102109540,lyc,370,83315
1243,101753078,凌空,370,83315
1244,102046919,芬利斯,370,83315
1245,102165511,Fernix,370,83315
1246,101088378,呋爻,370,83315
1247,101206240,monaka,370,83315
1248,101932939,<#F8C>奥利维娅,370,83315
1249,101526260,莉奥诺拉,370,83315
1250,101993811,Valentino,370,83315
1251,102169192,Estopa,370,83315
1252,101702528,西维斯特,370,83315
1253,101851705,<#DED>Tele,370,83315
1254,102127251,<#c68>Lastrea,370,83315
1255,101276584,Luvia,370,83315
1256,100611326,贝伦曦德,370,83315
1257,101529917,孙念鼻孔,370,83315
1258,100817662,拉拉雷打雷,370,83315
1259,101984665,莉奥诺拉,370,83315
1260,101980782,Pryme,370,83315
1261,101343409,幻梦愁,370,83315
1262,102092883,XdenosX,370,83315
1263,101821201,GRI,370,83315
1264,101238577,帕塔尔,370,83315
1265,101314604,天籁七音和弦,370,83315
1266,100569381,저별님,370,83315
1267,101104813,扶桑,370,83315
1268,101695868,怨气重重,370,83315
1269,102252386,Satekh,370,83315
1270,101263116,Taliesin,370,83315
1271,100303951,下禹,370,83315
1272,101567031,小乌圭儿,365,83315
1273,101707068,娄小满Lux,365,83315
1274,101232694,希爾法,365,83315
1275,101882729,0x6d6169,365,83315
1276,101005380,Rachel,365,83315
1277,100565641,繁华,365,83315
1278,102253823,Ratlover,365,83315
1279,101853464,西维斯特,365,83315
1280,100875599,igalltia,365,83315
1281,101916839,kurayami,365,83315
1282,100667897,雾雾狸,365,83315
1283,100833828,평호,365,83315
1284,101854535,Alaska,365,83315
1285,100581499,木木,365,83315
1286,100620525,Eterna,365,83315
1287,101835539,レオンハルト,365,83315
1288,101748095,Sol,365,83315
1289,100726305,哈蒂,365,83315
1290,101619759,YUJIN,365,83315
1291,101242531,T-rex,365,83315
1292,102068075,莉奧諾拉,365,83315
1293,101971096,Leonora,365,83315
1294,101864256,Mr. Ape,365,83315
1295,100371436,挽梦,365,83315
1296,102089728,Sylvester,365,83315
1297,102123869,레오나,365,83315
1298,100845686,<#f9c>綾地寧々,365,83315
1299,102010659,Natalie,365,83315
1300,101787207,Diar,365,83315
1301,101932666,研旭,365,83315
1302,101776458,杰,365,83315
1303,101608235,Sylvester,365,83315
1304,100991231,莉奥诺拉Leonor,365,83315
1305,101257663,<#F66>Cheri,365,83315
1306,100990662,希宵,365,83315
1307,101788228,ThatGuy,365,83315
1308,100410597,原盖就是区,365,83315
1309,101224799,박현,365,83315
1310,100112549,九目,365,83315
1311,101985890,Diessa,365,83315
1312,102155655,Sylvester,365,83315
1313,100365102,<#ffff00>尘埃,365,83315
1314,102002964,Nous,365,83315
1315,101205541,Sylvester,365,83315
1316,101002674,Sylvester,365,83315
1317,101881082,人形自走钢板,365,83315
1318,100408857,莉奧諾拉,365,83315
1319,101646258,ERT,365,83315
1320,100448870,安折,365,83315
1321,101320266,辛古拉瑞蒂,365,83315
1322,100667768,Perses,365,83315
1323,101464051,魇阳,365,83315
1324,101904499,冰幻,365,83315
1325,100670679,千岩,365,83315
1326,100550397,一色喵喵球,365,83315
1327,101814702,琼歌,365,83315
1328,101885948,莉亞諾拉,365,83315
1329,101886662,Alouqua,365,83315
1330,101019298,Stella,365,83315
1331,101525858,莱克的凑屁鼓,365,83315
1332,100432198,噫笙,365,83315
1333,101254221,Void,360,83315
1334,100518892,AliasRosenbach,360,83315
1335,101687522,SpeciaT,360,83315
1336,102098557,Orion,360,83315
1337,101327167,Sylvester,360,83315
1338,100836883,西維斯特,360,83315
1339,101290269,拉蒙娜老公,360,83315
1340,100587905,晨忘语,360,83315
1341,101079356,<#FFABA1>Alfox,360,83315
1342,100499071,西維斯特,360,83315
1343,100576979,九天缘,360,83315
1344,100589887,Daphne,360,83315
1345,101194443,strawberry,360,83315
1346,101690523,undifined,360,83315
1347,102036283,Lytai,360,83315
1348,101885196,거뭇,360,83315
1349,100782088,南慌慌,360,83315
1350,102297704,Berlin,360,83315
1351,101387775,垩癹,360,83315
1352,100351985,丹陽,360,83315
1353,100567306,蓬莱山辉夜,360,83315
1354,100459218,赋霄,360,83315
1355,100022970,伯亚拉图,360,83315
1356,100584187,放学别跑,360,83315
1357,102003469,<#f8a>91King,360,83315
1358,100943678,Serine,360,83315
1359,100511405,uw这个萌,360,83315
1360,100342309,<#9f0>御茶,360,83315
1361,101379644,咕咕嗒嗒,360,83315
1362,102102111,Spock,360,83315
1363,100739956,莉奥诺拉,360,83315
1364,100860712,<#b9d>Sage,360,83315
1365,100553781,湛羽,360,83315
1366,102090161,风自来,360,83315
1367,101130287,北海沙箭鱼,360,83315
1368,102093752,KITTIE,360,83315
1369,101206654,莉奥诺拉,360,83315
1370,100447602,<#8d9>语孟,360,83315
1371,100547836,Player,360,83315
1372,101129532,伊德海拉,360,83315
1373,102198967,John Morimens,360,83315
1374,101661036,Snakebones,360,83315
1375,100712721,Vide,360,83315
1376,101352377,卡厄斯,360,83315
1377,102024316,xddx,360,83315
1378,101906802,シルベスタ,360,83315
1379,100345348,西维珂斯,360,83315
1380,100673582,Nopolis.,360,83315
1381,101231713,Akra,360,83315
1382,102103251,五郎入道政宗,360,83315
1383,100626619,TrulyErroneous,360,83315
1384,100747165,墨落北上,360,83315
1385,101990151,Ledesu,360,83315
1386,101394587,默童,360,83315
1387,101106929,萨奇诺帕尔,360,83315
1388,101280792,Howard,360,83315
1389,100139957,Denpakei,360,83315
1390,101899442,Kunyao Bes,360,83315
1391,100764473,三恒解,360,83315
1392,100631116,云央,360,83315
1393,101361867,AechTC,360,83315
1394,101742079,Lilliana,360,83315
1395,102135473,Sylvester,360,83315
1396,100631244,西维斯特,360,83315
1397,101087638,Lui,360,83315
1398,102100527,Brooke,360,83315
1399,101931369,阿帅,360,83315
1400,102248655,黛絲安德,360,83315
1401,101150904,莉奥诺拉,360,83315
1402,101279768,<#FFFF00>Phenn,360,83315
1403,102108540,bender,360,83315
1404,100878899,西维斯特,360,83315
1405,102153293,西维斯特,360,83315
1406,102053323,pharaoh,360,83315
1407,101058874,明渊,360,83315
1408,102172813,Du,360,83315
1409,101083323,Ethans,360,83315
1410,102176226,melen,360,83315
1411,101778810,KaikolaDaZL,360,83315
1412,101359854,雪莉,360,83315
1413,100552965,loliholic,360,83315
1414,101398113,Oliver,360,83315
1415,100413973,梵雨,360,83315
1416,101789964,鸽,360,83315
1417,101281586,FreshMeat,360,83315
1418,102155826,星河,360,83315
1419,101267388,kinoko,360,83315
1420,100936816,Adelle,360,83315
1421,100549701,Vildred,360,83315
1422,100728374,Echo,360,83315
1423,101139057,Autumn,360,83315
1424,101302953,emiya,360,83315
1425,102050202,欧尼,360,83315
1426,101434898,汪呜,360,83315
1427,100549091,Nihil,360,83315
1428,100851982,亮,360,83315
1429,101925246,JOAOP,360,83315
1430,101146073,Lev,360,83315
1431,101388463,Cowboj,360,83315
1432,102006683,грешник,360,83315
1433,101249260,疼痛成瘾性,360,83315
1434,100621309,梦怯寒,355,83315
1435,100557076,瓜瓜,355,83315
1436,100585583,纲,355,83315
1437,100436447,蒼鵲,355,83315
1438,102021499,白,355,83315
1439,100594952,水里游鱼,355,83315
1440,101719410,露娜缇卡,355,83315
1441,100210489,门捷列夫,355,83315
1442,101180992,青衫客（互刷）,355,83315
1443,100544276,阿诺德,355,83315
1444,102142917,MangdaGhost,355,83315
1445,101893755,Leonora,355,83315
1446,102152133,司森慕,355,83315
1447,101224355,Swallow,355,83315
1448,101750330,RenneX,355,83315
1449,102068190,艾莎提亞,355,83315
1450,100328193,何意味,355,83315
1451,100843805,Valuska,355,83315
1452,100840385,鼠鼠,355,83315
1453,101271125,Dia,355,83315
1454,102232380,Leonora,355,83315
1455,102061581,耀目之蓝,355,83315
1456,101298049,下分且白给x,355,83315
1457,102001400,莉莉丝,355,83315
1458,100522415,娜乌西卡,355,83315
1459,101767675,5StarClown,355,83315
1460,100681066,<#F00>= DOOM =,355,83315
1461,100811365,石神哲哉,355,83315
1462,100536068,泊岸月,355,83315
1463,101784685,♪♪Yuriko♪♪,355,83315
1464,101874255,mafu,355,83315
1465,101517183,Sylvester,355,83315
1466,101950411,ame,355,83315
1467,102178297,Sylvester,355,83315
1468,101349486,alad,355,83315
1469,102054213,HunterZ7,355,83315
1470,102134205,SylyROD,355,83315
1471,102195611,Perfectionism,355,83315
1472,101520253,Ganon,355,83315
1473,102304041,诸葛少森,355,83315
1474,100437410,Gazima,355,83315
1475,100435061,万象森罗,355,83315
1476,100584269,老鼠药,355,83315
1477,100753886,归来迎,355,83315
1478,101002924,Radio,355,83315
1479,100426506,夜申,355,83315
1480,100858486,音无,355,83315
1481,102229266,梅西亚,355,83315
1482,101774551,蚂蚁,355,83315
1483,102181367,개삼이,355,83315
1484,100757358,云高火落,355,83315
1485,102103352,大高高高,355,83315
1486,101907649,selhny,355,83315
1487,102227173,醉寻枫,355,83315
1488,101584657,Leonora,355,83315
1489,101826738,Winters Knight,355,83315
1490,100828028,咕了个咕,355,83315
1491,100264709,划水怪 pvp互刷,355,83315
1492,101320094,Charles,355,83315
1493,100840959,Rest6,355,83315
1494,100800097,东,355,83315
1495,100590274,hachi,355,83315
1496,100546424,Rodya,355,83315
1497,100208354,Staraise1880,355,83315
1498,100364701,拉彌亞,355,83315
1499,100423644,山海荒芜,355,83315
1500,100696290,Denia,355,83315
1501,101243947,萝卜！,355,83315
1502,101399730,竹,355,83315
1503,100957086,Copycat093,355,83315
1504,101404992,Denyess,355,83315
1505,100905865,BlooD,355,83315
1506,101046409,Slyvesterios,355,83315
1507,101158069,Youssef,355,83315
1508,101892424,Legenda,355,83315
1509,101523263,Зло,355,83315
1510,100609184,Banana,355,83315
1511,101722829,烤地瓜,355,83315
1512,102079193,Naito,355,83315
1513,101747676,Mu-er,355,83315
1514,100051324,君云梵,355,83315
1515,101635655,Ziyjn..,355,83315
1516,100747425,莱特,355,83315
1517,101957903,西维斯特,355,83315
1518,102067668,키네킥,355,83315
1519,100824801,<#fd0>나원남,355,83315
1520,101389172,Holt,355,83315
1521,101070247,雪猪·王,355,83315
1522,101953256,rawrea,355,83315
1523,101004347,伊利斯,355,83315
1524,100564075,yunaixi,355,83315
1525,101684635,清不允,355,83315
1526,100445497,天天记叙文,355,83315
1527,102023828,Kirasawa,355,83315
1528,100973724,Mortarión,355,83315
1529,102160829,Selesto,355,83315
1530,102148972,莉奥诺拉,355,83315
1531,102097338,Sylvester,355,83315
1532,100997700,Fischradio,355,83315
1533,102100454,侍卫,355,83315
1534,101686970,Riddle,355,83315
1535,101767236,露娜萨·棱镜河,355,83315
1536,102188276,Lucia,355,83315
1537,101902269,31,355,83315
1538,102271201,Gungus,355,83315
1539,100796791,挽歌,355,83315
1540,100370951,唯利安,355,83315
1541,101130117,1ranD,355,83315
1542,101219939,Leonora,355,83315
1543,101386914,ipowerilya,355,83315
1544,100552346,月鸢,355,83315
1545,100425109,暗影大人,350,83315
1546,100657405,风雨相合,350,83315
1547,100931083,Wash,350,83315
1548,101944510,마거리트,350,83315
1549,101271815,yikio,350,83315
1550,101721937,莉奥诺拉,350,83315
1551,100588214,叙事诗,350,83315
1552,102039479,Lolloine,350,83315
1553,101958367,迦利克尔,350,83315
1554,101967919,カヲル,350,83315
1555,100494419,やみのつるぎ,350,83315
1556,100197164,西維斯特,350,83315
1557,101026087,Rem,350,83315
1558,100559716,神之一手,350,83315
1559,101854572,挽禾,350,83315
1560,101521758,Kuro,350,83315
1561,100432941,CDaal,350,83315
1562,101807968,brisingr,350,83315
1563,102143689,Koiphish,350,83315
1564,101981032,葶,350,83315
1565,101040137,赫德瑞斯,350,83315
1566,101289235,Eld,350,83315
1567,100445131,<#9da>NotToday,350,83315
1568,101935291,Charlotte ,350,83315
1569,100012930,布奇,350,83315
1570,102121664,woonsyo.,350,83315
1571,101094780,三缄,350,83315
1572,100665025,微元,350,83315
1573,101257228,Nathanaël,350,83315
1574,101748522,Leere,350,83315
1575,101904336,Maxine,350,83315
1576,101963762,Lori,350,83315
1577,101759263,Ana,350,83315
1578,102041888,琳子,350,83315
1579,101804263,守密人,350,83315
1580,100613471,沒看過帥狼嗎,350,83315
1581,101167633,世界,350,83315
1582,101940409,重度摆烂的某人,350,83315
1583,102220560,Gino,350,83315
1584,100547958,LILI,350,83315
1585,102077047,탁후,350,83315
1586,101800721,徐的小茉莉花,350,83315
1587,100912002,無目之瞳,350,83315
1588,100974528,Eru,350,83315
1589,101484566,Sylvester,350,83315
1590,100282983,AnyIsDragon,350,83315
1591,102194399,Xenoyon,350,83315
1592,100722463,rjv,350,83315
1593,101159404,明日林,350,83315
1594,102106939,Fiese Möpp,350,83315
1595,100494748,Door,350,83315
1596,100514860,Argentum,350,83315
1597,102202775,Cabbage,350,83315
1598,101684602,莉奥诺拉,350,83315
1599,102045962,时无瑕,350,83315
1600,101823778,鹤衔樱,350,83315
1601,102159990,Saskus,350,83315
1602,100566374,<#f00>香克斯,350,83315
1603,102080423,꾸벅꾸벅,350,83315
1604,102005448,Собака,350,83315
1605,100549204,钒食阶鞠稻,350,83315
1606,101330073,liers,350,83315
1607,102228295,Aohana,350,83315
1608,100011381,黄金熊,350,83315
1609,100916903,3/4,350,83315
1610,100598364,葛籠井樺音,350,83315
1611,100891777,星星月儿圆,350,83315
1612,101817100,辛德瑞拉,350,83315
1613,100873958,问墙,350,83315
1614,100598412,奥吉内塔,350,83315
1615,102029954,薄荷的夏夜,350,83315
1616,101330081,enigma,350,83315
1617,101094275,奇奇,350,83315
1618,101166894,莉奥诺拉,350,83315
1619,102205660,hakim,350,83315
1620,102022365,莉奥诺拉,350,83315
1621,100730835,西維斯特,350,83315
1622,101680735,莉奥诺拉,350,83315
1623,100462434,终夜,350,83315
1624,101782929,Nyxara,350,83315
1625,102045434,冬侯习习,350,83315
1626,102268388,시린안개,350,83315
1627,101384380,Isa,350,83315
1628,101180936,怀庆,350,83315
1629,101847819,Jessica,350,83315
1630,100205218,louie,350,83315
1631,102006176,Sylvester/Tony,350,83315
1632,101782631,Almaz,350,83315
1633,100560652,度霖乱虑,350,83315
1634,101753413,Rotta,350,83315
1635,101272220,希望欧一点,350,83315
1636,100727263,Meruru,350,83315
1637,102028689,Phantom,350,83315
1638,101898529,月鹿新景,350,83315
1639,100687560,QvQ,350,83315
1640,101009924,维里尔,350,83315
1641,101889427,下雨天,350,83315
1642,101176371,Petitpiou,350,83315
1643,101849304,莉奥诺拉,350,83315
1644,101946818,京昭雨淅淅,350,83315
1645,101820907,Ataraxxa,350,83315
1646,100837361,沙耶梅,350,83315
1647,100544691,이소,350,83315
1648,101167400,Baleygr,350,83315
1649,100716665,暗晚,350,83315
1650,100537395,RequiemDiviner,350,83315
1651,102114209,Mur-Mur,350,83315
1652,101263003,kmidf,350,83315
1653,102273308,Aether,350,83315
1654,101419408,晋安,350,83315
1655,101520383,Goodluck,350,83315
1656,101933825,辐光,350,83315
1657,101729480,Cytryn,350,83315
1658,101566641,Jay,350,83315
1659,101835945,Devil,350,83315
1660,101883358,Revan,350,83315
1661,101093436,Lenpeter,350,83315
1662,100028909,令月,350,83315
1663,102045926,Аллен,350,83315
1664,102025557,Jade,350,83315
1665,100755065,Leonora,350,83315
1666,100624852,幻色点星,350,83315
1667,100778516,SugarMan,350,83315
1668,100897706,Deva.,350,83315
1669,101100494,Hunt5671,350,83315
1670,100778632,艾米莉雅,350,83315
1671,101222443,Anlove,350,83315
1672,102061123,楓,350,83315
1673,100996946,索思娅,350,83315
1674,102195293,世界第一美少女,350,83315
1675,101967809,VonServest,350,83315
1676,101759216,TT,350,83315
1677,101648360,Fookfik,350,83315
1678,101951547,Chomper.,350,83315
1679,101894910,Matthias,350,83315
1680,102219694,枕和,350,83315
1681,101524177,Blacknoire,350,83315
1682,100556968,以卿,350,83315
1683,100857608,Sylvester,350,83315
1684,100588241,冲冲冲下班,350,83315
1685,101150143,<#fbc>Yue ♡,350,83315
1686,101143144,<#f8a>叶语嫣,350,83315
1687,100414269,叶汐月,350,83315
1688,100756007,三维市,350,83315
1689,100967612,Temiki,350,83315
1690,101911243,Darkle,350,83315
1691,102155469,莉奧諾拉,350,83315
1692,102161096,데모니아,350,83315
1693,102226612,Toyota86,350,83315
1694,100714760,Layers,350,83315
1695,102014032,raigor,350,83315
1696,100334007,殉道者,350,83315
1697,101878993,ggmirs,350,83315
1698,102229484,西维斯特,350,83315
1699,101518508,Lily,350,83315
1700,100687010,醉秋,350,83315
1701,101771681,莉奧諾拉,350,83315
1702,102206427,Lansalas,350,83315
1703,101114762,Tianna,350,83315
1704,100331559,<#ffcc33>雞蛋,350,83315
1705,101866460,Looper,350,83315
1706,101768725,striker eureka,350,83315
1707,102108651,Fiese Möpp,350,83315
1708,102170481,Sebastian,350,83315
1709,102083171,CursedThing,350,83315
1710,102010355,槐序,350,83315
1711,100894215,佘笙,350,83315
1712,101854702,伊莉絲,350,83315
1713,101952769,Syrah,350,83315
1714,100447821,<#fffacd>Eli,350,83315
1715,100525990,翎羽,350,83315
1716,102002918,葉雨Lucius ,350,83315
1717,100632626,캬루,350,83315
1718,101139328,Юки,350,83315
1719,101114623,黑Death,350,83315
1720,102131273,Kurou,350,83315
1721,102180879,Sylvester,350,83315
1722,101957028,Yanlei,350,83315
1723,102156610,西维斯特,350,83315
1724,101770123,五河士织,350,83315
1725,100966320,弗洛伊德,350,83315
1726,100453184,莎布尼古拉斯,350,83315
1727,101260956,<#FD0> Edworde,350,83315
1728,102047490,镜中瞳,350,83315
1729,102192307,Leonora,350,83315
1730,100451039,徐斯久,350,83315
1731,102146552,퀘이사,350,83315
1732,101341781,Eys,350,83315
1733,101548430,西維斯特,350,83315
1734,101984245,Vivii,350,83315
1735,101118138,Nikoletta,350,83315
1736,100744292,fxdcngs,350,83315
1737,100979773,Keylar,350,83315
1738,102151027,ToshiroHitsuga,350,83315
1739,100349884,莉奧諾拉,350,83315
1740,101738941,choi akali,350,83315
1741,102288250,靈月小羽,350,83315
1742,102024193,莉奧諾拉,350,83315
1743,101069678,莉奥诺拉,350,83315
1744,100671194,pineua07,350,83315
1745,101688403,Ocaton,350,83315
1746,100556958,Benizakura,350,83315
1747,100407587,殇花莫愁,350,83315
1748,100846532,森蚺,350,83315
1749,102167966,Daniel,350,83315
1750,101134049,Mari,350,83315
1751,101775302,Who?,350,83315
1752,101281708,沐沐,350,83315
1753,101085584,括约机,350,83315
1754,102216705,青,350,83315
1755,102222312,Инкьюм,350,83315
1756,101160362,Ramon,350,83315
1757,101701388,馮雪,350,83315
1758,100603099,<#0a0>匂坂郁纪,350,83315
1759,100935281,<#8d9>Akane,350,83315
1760,101013402,Kiritoccc,350,83315
1761,100768952,Sylvester,350,83315
1762,100758028,心跳理论,350,83315
1763,101986205,啦啦啦,350,83315
1764,100649213,诗之韵律,350,83315
1765,101921290,理,350,83315
1766,102282236,Leonora,350,83315
1767,102006727,goatnyama,350,83315
1768,100549637,세레노아,350,83315
1769,101094857,Leonora,350,83315
1770,102002063,Skyaris,350,83315
1771,100919930,insomnia.,350,83315
1772,101197140,Leonora,350,83315
1773,100705209,玛奈格瑞拉,350,83315
1774,101286639,西維斯特,350,83315
1775,100386616,微光,350,83315
1776,101890454,ZZZ,350,83315
1777,100961711,桂峰,350,83315
1778,101042613,Lav,350,83315
1779,100777105,诺拉,350,83315
1780,101780668,Ultra,350,83315
1781,101823618,高級車窗擊破器,350,83315
1782,101786253,BallCat21,350,83315
1783,101364074,Rapunzel,350,83315
1784,100698950,维克托,350,83315
1785,102096139,意笙,350,83315
1786,102041936,リオノーラ,350,83315
1787,101106688,悬刀,350,83315
1788,101365928,零,350,83315
1789,102017065,莉奧諾拉,350,83315
1790,100497644,小无瑕爱莉,350,83315
1791,100525621,缘,350,83315
1792,102016803,echo,350,83315
1793,100882201,Grantz,350,83315
1794,100553722,Ale,350,83315
1795,100229306,西維斯特,350,83315
1796,100450986,SchwarzGallert,350,83315
1797,100630162,Tukiyo,350,83315
1798,102186304,머리이상한애,350,83315
1799,100959474,菲兹,350,83315
1800,102235340,红丝绒,350,83315
1801,102104229,fall,350,83315
1802,102229781,Unluckkie,350,83315
1803,102093527,Fiese Möpp,350,83315
1804,101969628,氯化钠,350,83315
1805,102055334,时烨,350,83315
1806,102006775,秦淮云辞,350,83315
1807,101113775,淮海路小佩奇,350,83315
1808,101044779,Tonelico,350,83315
1809,101900607,mionen,350,83315
1810,100970201,aeik,350,83315
1811,101113573,福哩,350,83315
1812,102005427,坎比亚索部,350,83315
1813,100253806,西維斯特,350,83315
1814,100873731,梨奈,350,83315
1815,100767500,廿十四,350,83315
1816,101967298,天使,350,83315
1817,101084609,sweeteste,350,83315
1818,100549451,Alessia,350,83315
1819,102016018,窃引梦魂,350,83315
1820,101216254,梦中客,350,83315
1821,101392574,Euclaypt,350,83315
1822,101808144,爱丽莎,350,83315
1823,100925048,归隐,350,83315
1824,101232489,dfy,350,83315
1825,101335516,亚克托斯,350,83315
1826,101936746,翎,350,83315
1827,101196149,卓柯男,350,83315
1828,100126071,破遊,350,83315
1829,100649476,赛莱斯特,350,83315
1830,102235679,Belayal,350,83315
1831,101019652,Lucio,350,83315
1832,101128766,Lala,350,83315
1833,101904046,Aramoro,350,83315
1834,101542757,Tsaphah,350,83315
1835,101104198,Sylvester,345,83315
1836,100787401,雷塔娜,345,83315
1837,101049142,Kakena,345,83315
1838,100835782,莉奧諾拉,345,83315
1839,101059185,阳髓,345,83315
1840,101737888,<#0a0>乐仔,345,83315
1841,100746450,<#3af>离玥,345,83315
1842,100552070,琴,345,83315
1843,100018665,莉奧諾拉,345,83315
1844,100537375,星空秘境,345,83315
1845,101078587,Navart,345,83315
1846,101363467,Vilor,345,83315
1847,101165433,Dirt,345,83315
1848,100676961,yoone,345,83315
1849,100007347,御影日珥,345,83315
1850,102104638,하로루,345,83315
1851,100595401,酥酥,345,83315
1852,100551840,망령,345,83315
1853,100392076,零乿,345,83315
1854,100673397,月暮,345,83315
1855,100580696,鏡,345,83315
1856,101081596,莉奥诺拉,345,83315
1857,101265184,葉殇,345,83315
1858,101279014,시벨스트,345,83315
1859,100837345,hello,345,83315
1860,101781292,招鱼潮,345,83315
1861,100664086,拉蒙娜,345,83315
1862,101105595,Guang,345,83315
1863,101529013,四月裂帛,345,83315
1864,100864640,Yaxa,345,83315
1865,100415499,莉奥诺拉,345,83315
1866,101106507,Tao,345,83315
1867,100553340,露菲尔,345,83315
1868,100552338,냥초,345,83315
1869,100974737,Urien,345,83315
1870,100878423,西維斯特,345,83315
1871,100609465,"<#FFB6C1
 >梦",345,83315
1872,100580511,落青,345,83315
1873,101250235,loveca,345,83315
1874,101323585,polarlah,340,83315
1875,100877622,伯劳,340,83315
1876,101104831,<#CA5>RykerBF,340,83315
1877,101106814,幻天,340,83315
1878,100514458,老公,340,83315
1879,100596220,ZAI,340,83315
1880,101802518,<#fa0>P<#aaa>o,340,83315
1881,101620674,莉奥诺拉,340,83315
1882,100630999,小丑,340,83315
1883,101712928,64343,340,83315
1884,100297095,honey,340,83315
1885,100689084,哈基米,340,83315
1886,101336896,Leonora,340,83315
1887,101262004,Leonora,340,83315
1888,101265236,临,340,83315
1889,101023479,卡门,340,83315
1890,100323164,泡泡,340,83315
1891,102103630,weakthief,340,83315
1892,101265725,风又音理,340,83315
1893,101325989,沉默旅人,340,83315
1894,100790716,莉奧諾拉,340,83315
1895,101401982,Soma,340,83315
1896,100022124,搓球,340,83315
1897,101270366,Rhatsu,340,83315
1898,101516347,莉奥诺拉,340,83315
1899,101108075,Ooyac,340,83315
1900,100422980,利维娅,340,83315
1901,100943471,Moe-tan,340,83315
1902,102088816,Sophia,340,83315
1903,100256558,璇,340,83315
1904,100608499,<#0CFM>MiuMiu,340,83315
1905,100347316,伊卡路,340,83315
1906,100511727,奇异值分解,340,83315
1907,101690555,토바라슈,340,83315
1908,101309955,予一楠,340,83315
1909,101838591,往里豪,340,83315
1910,101055627,源儿,340,83315
1911,100616588,<#b4d>鸣笛为夕,340,83315
1912,101156035,Jess,340,83315
1913,100636160,钱妙丽,340,83315
1914,100539764,Zera,340,83315
1915,101554399,michael,340,83315
1916,101887817,Y&M,340,83315
1917,100855572,Luna,340,83315
1918,101204492,皿良皮车,340,83315
1919,100726844,无或与诗,340,83315
1920,100549067,戎蔡滤梢,340,83315
1921,101242279,Augustmmo,340,83315
1922,100649093,蛋饺,340,83315
1923,100473409,阿源尔尔,340,83315
1924,100763468,吾即非我,340,83315
1925,101121941,Leo,340,83315
1926,101111644,Beelzebub,340,83315
1927,101825371,文森特,340,83315
1928,101744107,Violet,340,83315
1929,100973746,Leonora,340,83315
1930,100511073,侯国玉,335,83315
1931,100623036,Aswater丶,335,83315
1932,100751912,时光,335,83315
1933,101873674,Tuellion,335,83315
1934,101920324,레오노라,335,83315
1935,101153046,Leonora,335,83315
1936,101823758,萝卜小蔡,335,83315
1937,101316862,灰款,335,83315
1938,100817932,SaKuya,335,83315
1939,101037313,奈格里,335,83315
1940,100551321,睡不醒一点点,335,83315
1941,101646504,玄冥,335,83315
1942,100522847,莉奧諾拉,335,83315
1943,100409135,泰德,335,83315
1944,101040880,miky,335,83315
1945,101791419,레오노라,335,83315
1946,101014481,Ambrose,335,83315
1947,101872141,霖,335,83315
1948,101073211,莉奥诺拉,335,83315
1949,100675289,Girl,335,83315
1950,100006742,西斯特,335,83315
1951,101173463,Sylvester,335,83315
1952,100550843,^_^,335,83315
1953,100823645,银昂,335,83315
1954,101320110,Boxeater,335,83315
1955,100630936,坦涡野旱啦股,335,83315
1956,100742366,玉树临风,335,83315
1957,100518289,莉奧諾拉,335,83315
1958,101748363,레오노라,335,83315
1959,101344164,Imperialis,335,83315
1960,101325399,yunuo,335,83315
1961,100288660,犹格泡泡吐泡泡,335,83315
1962,100219371,lordr,335,83315
1963,101035395,Falt,335,83315
1964,100755266,疾風浪人,335,83315
1965,100339020,夕阳,335,83315
1966,100722187,問情,335,83315
1967,101242073,hhh,335,83315
1968,101028310,Iris,335,83315
1969,100953360,리오노라,335,83315
1970,101760450,Yummy,335,83315
1971,101118836,Rover,335,83315
1972,100028237,酷酷的怪獸,335,83315
1973,101139687,西維斯特,335,83315
1974,101931189,ho,335,83315
1975,100340485,西維斯特,335,83315
1976,101076225,JagdPanther,335,83315
1977,100755986,晚风,335,83315
1978,101045249,Sylvester,335,83315
1979,101160978,遇萤照雪,335,83315
1980,101520254,燕飞孤花落,335,83315
1981,101895247,灰风,335,83315
1982,101787037,焦糖布丁,335,83315
1983,100799564,Decer,335,83315
1984,101223824,치즈그라탕,335,83315
1985,101044161,luckray,335,83315
1986,101056100,敕又泽,335,83315
1987,101060543,Tchik,335,83315
1988,101127947,韵柔,330,83315
1989,101890394,<#6BF>克珀珊特,330,83315
1990,100223850,阿塔尼卡,330,83315
1991,101402895,小露lux,330,83315
1992,100805249,<#6cf>芙蕾·秋,330,83315
1993,101683913,蒔測,330,83315
1994,100396263,西維斯特,330,83315
1995,101548871,芯芯末林,330,83315
1996,101305515,sosiod,330,83315
1997,100653137,<#FD0>Arwen,330,83315
1998,101022125,3T0,330,83315
1999,101961631,WDDD,330,83315
2000,100934339,Fantom,330,83315
